title,text,label
‘A target on Roe v. Wade ’: Oklahoma bill making it a felony to perform abortions waits for governor’s decision,"UPDATE: Gov. Fallin vetoed the bill on Friday. Head here for more.

Lawmakers in Oklahoma approved a bill Thursday that would make performing abortions a felony and revoke the medical licenses of most physicians who assist in such procedures.

This sweeping measure, which opponents described as unconstitutional and unprecedented, now heads to Gov. Mary Fallin (R). She will have five days — not including Sunday — to decide whether to sign the bill, veto it or allow it to become law without her signature, according to a spokesman.

“The governor will withhold comment on that bill, as she does on most bills, until she and her staff have had a chance to review it,” Michael McNutt, a spokesman for Fallin, said in an email.

The Oklahoma bill is the first such measure of its kind, according to the Center for Reproductive Rights, which says that other states seeking to ban abortion have simply banned the procedure rather than attaching penalties like this.

According to the measure, known as SB1552, a person who performs or induces an abortion will be guilty of a felony and punished with between one and three years in the state penitentiary.

This legislation also says that any physician who participates in an abortion — deemed “unprofessional conduct” in the bill — will be “prohibited from obtaining or renewing a license to practice medicine in this state.” However, medical licenses will not be stripped from doctors who perform abortions deemed necessary to save the mother’s life.

[Yes, hospitals perform abortions. This D.C. doctor says her hospital won’t let her talk about it]

The bill passed the Oklahoma House of Representatives with a vote of 59-to-9 last month. On Thursday, the state’s senate passed it with a vote of 33-to-12.

“Since I believe life begins at conception, it should be protected, and I believe it’s a core function of state government to defend that life from the beginning of conception,” State Sen. Nathan Dahm, a Republican who represents Tulsa County, told the Associated Press.

Dahm said he hopes the Oklahoma measure could eventually lead to the overturning of Roe v. Wade, the 1973 Supreme Court decision that recognized a woman’s right to an abortion. Dahm did not respond to messages seeking comment Thursday and Friday.

Dawn Laguens, executive vice president of Planned Parenthood Federation of America,  said last month that the Oklahoma bill is “a ban on abortion, plain and simple.” The legislation sent to Fallin on Thursday “is reckless and dangerous,” according to Ilyse Hogue, president of NARAL Pro-Choice America.

“This bill puts doctors in the cross hairs for providing women with the option of exercising our fundamental right to decide how and when to start a family,” Hogue said in a statement. “And it creates penalties for doctors doing their jobs: performing a safe and legal medical procedure.”

Liberty Counsel, a group that rose to national prominence last year defending the Kentucky clerk who refused to sign same-sex marriage licenses, said Friday that it had helped support the legislation in Oklahoma. The organization also vowed to defend it in court.

“This particular bill puts a target on Roe v. Wade,” Mat Staver, the group’s founder and chairman, said in an interview Friday. “It is Oklahoma’s line in the sand on the sanctity of human life, as standing on the side of protecting innocent children.”

Staver said that his group met with Oklahoma lawmakers before the legislation was filed, offering legal analysis after discussions had begun in the state about proposing such a measure.

The Oklahoma bill is “the first of its kind,” Staver said, though he said it was possible other states may follow Oklahoma’s lead.

“This is a bolt step in the right direction, in my view,” Staver said. “It will be challenged and we’re prepared to defend it.”

[Oklahoma isn’t the only state taking big steps to limit abortions]

The Oklahoma State Medical Association, which has called the measure “troubling,” has said it would not take a position on the legality of abortion as long as the practice remains legal. However, the group said it was opposed to “legislation that is designed to intimidate physicians or override their medical judgment.”

On Thursday, the group reiterated that opposition, calling it “one more insulting slap in the face of our state’s medical providers” and urging Fallin to veto the legislation.

“We are extremely disappointed in today’s vote,” Sherri Baker, president of the medical association, said in a statement Thursday. “It is simply unconscionable that, at a time when our state already faces a severe physician shortage, the senate would waste its time on a bill that is patently unconstitutional and whose only purposes are to score political points and intimidate physicians across this state.”

When the measure was debated in the state’s House of Representatives, a legislator who ultimately voted against the bill pointed to the group’s opposition and voiced concerns that the law could lead to doctors abandoning Oklahoma. But one of the bill’s co-sponsors said he did not think it would have an impact.

Since taking office in 2011, Fallin has signed more than a dozen bills restricting access to reproductive health care, the Center for Reproductive Rights, a nonprofit legal group, said Thursday.

The new bill “is blatantly unconstitutional and, if it takes effect, it will be the most extreme abortion law in this country” since the Roe v. Wade decision, Amanda Allen, senior state legislative counsel at the center, wrote in a letter to Fallin on Thursday.

Allen said her group was urging Fallin to veto the legislation, which she said was part of a larger pattern of lawmakers in the state chipping away at abortion rights.

“Policymakers in Oklahoma should focus on advancing policies that will truly promote women’s health and safety, not abortion restrictions that do just the opposite,” Allen wrote. “Anti-choice politicians in the state have methodically restricted access to abortion and neglected to advance policies that truly address the challenges women and families face every day.”

Allen also said that the bill would “almost certainly lead to expensive court challenges that the state of Oklahoma simply cannot defend in light of longstanding Supreme Court precedent.”

Fallin has until next week to make a decision on the bill. If this measure does become law, it would go into effect on Nov. 1.

The forgotten history of Justice Ginsburg’s criticism of Roe v. Wade

Indiana banned abortions if fetuses have Down syndrome

This story, first published on Thursday, has been updated on Friday to include Liberty Counsel’s comments.",REAL
Study: women had to drive 4 times farther after Texas laws closed abortion clinics,"Ever since Texas laws closed about half of the state's abortion clinics in 2013, researchers have been trying to understand just how much burden those laws place on women who are trying to access abortion. That's important because the Supreme Court is now considering those laws as part of Whole Woman's Health v. Hellerstedt, the court's most consequential abortion case in decades. If it finds that the laws place an ""undue burden"" on women, they'll likely be struck down.

Researchers with the Texas Policy Evaluation Project (TxPEP), looking into exactly that, have already found that some women had to wait as much as three weeks longer for an appointment. Some women they've interviewed weren't able to secure an abortion at all, due to the logistical and financial barriers.

Now, TxPEP has published a significant study, in the American Journal of Public Health, on the effects of HB2, the omnibus anti-abortion bill that the Court could end up partially striking down. The study shows just how many burdens were placed on women as a result of the clinics closed by the law.

Researchers surveyed 398 Texas women, comparing women whose nearest abortion clinic was closed in mid-2014 with those whose nearest clinic was still open in April 2013, shortly before the Texas legislature debated HB2.

The results were striking. Of the women surveyed, 38 percent lived in a zip code where the closest clinic was open in 2013 but closed in 2014.

One key finding: Women whose nearest clinic hadn't closed had to travel an average of 22 miles, while women whose nearest clinic had closed traveled an average of 85 miles — almost four times as far. And a quarter of women in the latter group had to travel more than 139 miles to get an abortion.

This was the case even six months after HB2 went into effect, when abortion providers would have had at least some time to adjust to the initial chaos of closures.

Women whose nearest clinics closed had a tougher time by just about every measure: They had to travel farther and pay more out of pocket for things like gas, hotels, and child care.

They were less likely to be able to access medication abortion instead of surgical abortion if they wanted it — probably because Texas law requires four different doctors' visits for medication abortion, which is a lot tougher to manage when you live far away.

Unsurprisingly, they were also more likely to report that it was ""somewhat hard"" or ""very hard"" to get care.

Women whose nearest clinics closed also faced more burdens — for instance, they were more likely to both travel more than 50 miles and spend more than $100 on the trip. Twenty-four percent of women in the closure group reported facing three or more different kinds of burdens, compared to just 4 percent of women whose clinics remained open.

And the study only looked at women who eventually got their desired abortion — so it couldn't account for the women who weren't able to get one at all because the burdens were too high.

""This study is unusual in its ability to assess multiple burdens imposed on women as a result of clinic closures, but it is important to note that the burdens documented here are not the only hardships that women experienced as a result of HB2,"" said study author Liza Fuentes in a statement.

Strangely, there was no significant difference between the two groups of women in how far along they were in their pregnancy when they had an abortion. That's inconsistent with other TxPEP research that found, after HB2 passed, a small but significant increase in second-trimester abortion procedures, which are not quite as safe and a lot more expensive compared to the first trimester procedures.

But that could be explained by a couple of things, the researchers wrote. Either the long wait times forced by HB2 are affecting everyone equally, or the differences were too small to show up in this study.

It's still clear, the researchers said, that the clinic closures after HB2 passed ""resulted in significant burdens for women able to obtain care.""",REAL
"Trump, Clinton clash in dueling DC speeches","Donald Trump and Hillary Clinton, now at the starting line of a general election race, traded shots across the capital Friday in dueling addresses before two very different D.C. audiences -- each warning the other would take the country backward.

Trump headlined the Faith and Freedom Coalition’s “Road to Majority” summit while Clinton addressed a Planned Parenthood national conference.

Trump, looking to solidify his standing with evangelical Christians, offered assurances Friday that he would “restore respect for people of faith” -- and stressed the “sanctity and dignity of life.”

If there was any doubt he wanted to throw Clinton's Planned Parenthood speech into sharp relief, he took on his presumptive rival later in his remarks. Trump warned Clinton would ""appoint radical judges,"" eliminate the Second Amendment, ""restrict religious freedom with government mandates,"" and ""push for federal funding of abortion on demand up until the moment of birth.""

He also cast her support for bringing in Syrian refugees as a potential clash of faiths. ""Hillary will bring hundreds of thousands of refugees, many of whom have hostile beliefs about people of different faiths and values,"" he said.

Clinton, meanwhile, in her first speech as the Democratic Party’s presumptive nominee, said a Trump presidency would take the country back to a time “when abortion was illegal … and life for too many women and girls was limited.”

Clinton thanked the nonprofit women’s health group and abortion provider for their support in the Democratic primary race. In January, Planned Parenthood backed Clinton, offering its first-ever primary endorsement in the group’s 100-year history.

Clinton made it clear that women’s issues would be a staple of her campaign, promising abortion rights supporters that she would “always have your back” if elected president.

Clinton repeated claims that Trump wants to “take America back to a time when women had less opportunity” and freedom.

“Well, Donald, those days are over. We are not going to let Donald Trump -- or anybody else -- turn back the clock,” she told the cheering crowd.

Before arriving at the event, Clinton held a private meeting at her D.C. home with Massachusetts Sen. Elizabeth Warren, who has been rumored to be a consideration for running mate.

Echoing some of the attacks Warren has made in recent days, Clinton attempted to elevate the importance of this election.

“We are in the middle of a concerted, persistent assault on women’s health across the country,” warned Clinton, who said the 2016 election was “profoundly different” than previous elections.

In what is a campaign trail staple of hers, Clinton highlighted Trump’s insults toward women and asserted that it would be “hard to imagine depending on him to defend the fundamental rights of women.”

Trump, meanwhile, continued calling Clinton, “crooked Hillary” and referred to her ongoing email scandal. He took her to task on her domestic and foreign policy stances.

Trump was interrupted by protesters at the annual gathering of evangelical Christians. The protesters shouted “Stop hate! Stop Trump!” and “refugees are welcome here.”

Trump called the chants “a little freedom of speech” but added it was also “a little rude, but what can you do?”",REAL
Grand jury in Texas indicts activists behind Planned Parenthood videos,"A Houston grand jury investigating criminal allegations against Planned Parenthood stemming from a series of undercover videos on Monday instead indicted two of the anti-abortion activists who shot the footage.

In a stunning turn of events, the grand jury declined to indict officials from the abortion provider, and instead handed up a felony charges of tampering with a government record against Center for Medical Progress founder David Daleiden and center employee Sandra Merritt. Daleidon was also charged with a misdemeanor count related to purchasing human organs.

""We were called upon to investigate allegations of criminal conduct by Planned Parenthood Gulf Coast,"" Harris County District Attorney Devon Anderson said. ""As I stated at the outset of this investigation, we must go where the evidence leads us. All the evidence uncovered in the course of this investigation was presented to the grand jury. I respect their decision on this difficult case.""

The case sprang from a series of dramatic undercover videos in which Center for Medical Progress employees posed as prospective buyers of fetal tissue, and captured several employees of Planned Parenthood and its contractors appearing to discuss practices banned by law. However, when the videos were released online last year, Planned Parenthood claimed selective editing had created a misperception.

Anderson didn't provide details on the charges, including what record or records were allegedly tampered with and why Daleiden faces a charge related to buying human organs. Anderson's office said it could not provide details until the documents charging Daleiden and Merritt were formally made public.

""The Center for Medical Progress uses the same undercover techniques that investigative journalists have used for decades in exercising our First Amendment rights to freedom of speech and of the press, and follows all applicable laws,"" Daleiden said in a statement in response to the indictment.

""We respect the processes of the Harris County District Attorney, and note that buying fetal tissue requires a seller as well. Planned Parenthood still cannot deny the admissions from their leadership about fetal organ sales captured on video for all the world to see,"" the statement continued.

""These anti-abortion extremists spent three years creating a fake company, creating fake identities, lying, and breaking the law. When they couldn't find any improper or illegal activity, they made it up,"" Eric Ferrero, vice president of communications for Planned Parenthood Federation of America, said in a statement.

“As the dust settles and the truth comes out, it's become totally clear that the only people who engaged in wrongdoing are the criminals behind this fraud, and we're glad they're being held accountable,” Ferrero said.

The videos, some of which were shot in Texas, riled anti-abortion activists and prompted Republicans in Congress last summer to unsuccessfully called for cutting off funding for the organization.

Texas Gov. Greg Abbott, a Republican, has called footage from the Planned Parenthood clinic in Houston ""repulsive and unconscionable."" It showed people pretending to be from a company that procures fetal tissue for research touring the facility. Texas Attorney General Ken Paxton also opened his own investigation into the videos.

Abbott said the indictments will not impact the state's investigation

“The State of Texas will continue to protect life, and I will continue to support legislation prohibiting the sale or transfer of fetal tissue,” he said in a statement.

Rep. Diane Black, R-Tenn., author of the House-passed ""Defund Planned Parenthood Act of 2015,"" said the she was “profoundly disappointed” in the indictments.

“It is a sad day in America when those who harvest the body parts of aborted babies escape consequences for their actions, while the courageous truth-tellers who expose their misdeeds are handed down a politically motivated indictment instead,” she said.

Planned Parenthood says it abides by a law that allows providers to be reimbursed for the costs of processing tissue donated by women who have had abortions.

The Texas video was the fifth released by the group. Before its release, Melaney Linton, president of the Houston Planned Parenthood clinic, told state lawmakers last summer that it was likely to feature actors — pretending to be from a company called BioMax — asking leading questions about how to select potential donors for a supposed study of sickle cell anemia.

Linton said the footage could feature several interactions initiated by BioMax about how and whether a doctor could adjust an abortion if the patient has offered to donate tissue for medical research. She also said Planned Parenthood believed the video would be manipulated.

Earlier this month, Planned Parenthood sued the center in a California federal court, alleging extensive criminal misconduct. The lawsuit says the center's videos were the result of numerous illegalities, including making recordings without consent, registering false identities with state agencies and violating non-disclosure agreements.

After the lawsuit was filed, Daleiden told The Associated Press that he looked forward to confronting Planned Parenthood in court.

The Associated Press contributed to this report.",REAL
"As Reproductive Rights Hang In The Balance, Debate Moderators Drop The Ball","WASHINGTON -- Forty-three years after the Supreme Court established the right to a safe and legal abortion in Roe v. Wade, the stakes have never been higher for those on both sides of the abortion debate. States have enacted 288 new abortion restrictions in the past five years that have shut down a slew of clinics across the country, and the next president could nominate Supreme Court justices who will determine the fate of legal abortion for decades to come.

But even as abortion access for millions of women hangs in the balance, the issue has somehow been neglected by presidential debate moderators, causing the issue of reproductive rights to fade from the 2016 race. The Democratic candidates haven't been asked about reproductive rights at all in any of their four debates, and the Republicans have only been asked about abortion and funding for Planned Parenthood in the first two of the six debates they've participated in so far.

Advocates working for and against abortion rights are baffled by the silence.

“There are real and important differences between candidates here, and it's a loss for American women that they haven't been explored,” said Jess McIntosh, a spokeswoman for EMILY’s List, a group that helps elect pro-choice women to office.

NBC moderators did not ask how Sen. Bernie Sanders’ (I-Vt.) new health plan, released just two hours before the Democratic debate the network hosted Sunday, would handle public funding for abortion, and did not press Hillary Clinton on her view that federal restrictions on Medicaid funding for abortion should be repealed. Sens. Marco Rubio (R-Fla.) and Ted Cruz (R-Texas) haven't been asked in the past four GOP debates about their opposition to allowing victims of rape or incest to get abortions, a position that is significantly more conservative than those held by prior Republican presidential nominees.

The only abortion-related question GOP frontrunner Donald Trump has fielded during a debate was back in August, when Fox's Megyn Kelly asked him about his 1999 comment that he was ""very pro-choice."" His stance on abortion is much murkier these days, but no other moderators have chosen to ask him about it.

Americans United for Life, an anti-abortion group, wants candidates on both sides to explain whether they support public funding for abortion or the kinds of clinic regulations that conservative states have passed to make it difficult for abortion providers to stay open.

“Pro-life Americans would love to know whether candidates support health and safety standards for women who are exposed to great risks in abortion clinics,” said Kristi Hamrick, a spokeswoman for AUL.",REAL
Abortion poses challenge for GOP in 2016,"Washington (CNN) Tens of thousands of pro-life activists descended on Washington on Thursday for the annual March for Life, marking the 42nd anniversary of the Supreme Court's Roe v. Wade decision that made abortion legal — by promising to end it.

By the size of the crowds and the enthusiasm of the speakers, it was impossible to tell that just the night before, Republican leaders on Capitol Hill had spiked one of social conservatives' biggest priorities , a bill banning abortion after the 20th week of pregnancy.

The scramble over the bill behind closed doors was the latest in a series of conflicts within the caucus, and again underscored the challenge facing the GOP as they head into a presidential election year: How to expand the party's appeal with untapped demographic groups, while still appeasing their conservative base.

That was the concern raised by Rep. Renee Ellmers, the North Carolina Republican who, along with a group of GOP women and centrists in the party, led the successful effort to get the bill pulled.

Ellmers and Rep. Jackie Walorski pulled their sponsorships because of concerns over a requirement that rape victims file a police report to get an exemption from the ban.

Other centrist Republicans expressed concerns on Thursday that the party should be focusing on less controversial issues with broader appeal.

""I would prefer that our party spent less time focusing on these very contentious social issues, because that distracts us from broader economic messages where I think we have much greater appeal to the larger public,"" he said.

The GOP has long faced significant issues in wooing single female voters and young voters, which contributed to its unexpected loss of the White House in 2012. After that election, an RNC post-mortem report diagnosing the party's problems suggested the GOP ""must in fact and deed be inclusive and welcoming"" on social issues.

But as centrists in the party look to move away from the abortion issue, they'll run up against fierce opposition from social conservatives, who were calling for revenge against Ellmers and other lawmakers who led the effort to drop the bill.

Marjorie Dannenfelser, president of the pro-life Susan B. Anthony List, told CNN she met with House Majority Leader Kevin McCarthy on Wednesday night and was ""shocked and surprised"" when she was told they wouldn't be bringing the bill to a floor for a vote.

""No one ever brought up any of these issues. No one ever brought it up in the Senate races where we injected it in the middle of the campaign,"" she said. ""[House Republicans] have managed to really pull [defeat] out of the jaws of victory for sure.""

House leadership has told her that the bill will eventually come up for a vote, but gave her no time line. A leadership aide said lawmakers are going to discuss how to move forward with the bill, but it's not clear what's next for it.

Dannenfelser said Ellmers is almost certain to face a primary challenge in 2012.

""My phone does not stop ringing with people asking me, what are we going to do about her next year? I want to stay focused on getting the bill passed — but some people ... there's no protecting some people once they've gone past the tipping point,"" she said.

Ellmers represents a GOP-leaning district and won her last primary with less than 60% support, so the threat of a challenge in 2016 over the abortion issue is a significant one for her.

But it's less clear how the issue will play out for the GOP as a whole.

This time around, Priebus was elsewhere, and Republicans made little mention the abortion issue at their winter meeting.

Most of the GOP's likely presidential contenders kept mum on the developments on Capitol Hill. Rick Santorum, who was the favorite of social conservatives during the 2012 race and is contemplating another run, was relatively subdued about leadership pulling the bill.

""I'm disappointed,"" he said, ""but leadership is just doing what good leadership does — which is listen to its members and try to work out a bill that is acceptable to the most within the caucus.""

And few dozen protesters, mostly college students and older activists, gathered outside Ellmers' office after the march to express their frustration with her move. One, Students for Life President Kristan Hawkins, called Ellmers a ""coward"" for previously supporting a similar bill, before working to block this one.

But asked whether candidates should run on the abortion issue if they hope to appeal to millennials, she demurred.

""Obviously, there are a ton of important issues that millennials care about...but I think they shouldn't shy away from it,"" she said.",REAL
The Trump Campaign is Low on Funds,"Donald Trump’s presidential campaign is running low on funds that could be used to fend off attacks in the coming months. The Washington Examiner reports that senior Trump advisor Paul Manafort last week told Senate Republicans that Trump will be more dependent on money from the Republican Party—a contradiction from Trump’s repeated insistence during the primaries that he was self-funding his campaign to avoid relying on the party. Trump has recently insinuated that he would need to raise outside money. But the severity of his impecuniousness has only recently come to light.

According to Trump’s campaign, due to the lack of money, they won’t be able to run television ads in response to Democratic attacks until the Republican National Committee unlocks funding after the convention. Trump can rely on earned media to buoy his campaign over the summer, the Examiner pointed out.

Outside spending groups could also help sustain the campaign until July or August, but confusion on how exactly to do this has abounded among donors who feel that the R.N.C. is not fully committed to Trump, and may put the money toward Senate and House races if the Republican candidate is losing in the polls by October.

On the flip side, the Examiner notes that Trump depending on the R.N.C. could be a defense mechanism for the Republican candidate to protect his reputation if Hillary Clinton wins the presidency. Trump’s dependence on the R.N.C. has built up over the last few weeks as his campaign finds itself in a state of disarray—The New York Times reports the committee is assisting the campaign in all sorts of operations matters, including opposition research, data collection, and communications help.",REAL
"Here’s how a wealthy Trump supporter could give $783,400 to support his campaign and the RNC","Word of warning: The following story contains math.

For the past six years, there's been one fundamental principle governing our otherwise freewheeling campaign finance system: Donations to candidates and parties were strictly capped, while contributions to super PACs and other independent group could soar to previously unimaginable amounts.

That's beginning to change, thanks to legal changes in 2014 that have dramatically altered how the national parties are fundraising for this year's general election, as we wrote today.

The new rules allow political parties to take in huge checks from rich supporters for jumbo joint-fundraising committees, made up of dozens of accounts linked together. So while the law caps annual donations to national parties at $33,400 a year, the reality is that those who can afford it can end up shelling out as much as 33 times that amount.

[Trump’s deal with the RNC shows how big money is flowing back to the parties]

Hillary Clinton was the first presidential candidate to take advantage of loosened restrictions, setting up a so-called ""victory fund"" with the Democratic National Committee and an unheard-of 32 state parties in the fall. A wealthy supporter can give up to $356,100 *annually* to the Hillary Victory Fund. By establishing the fund last year, Clinton and the DNC were able to hit up rich donors twice: once in 2015 and once in 2016.

The victory fund that Donald Trump created with Republican National Committee this week can take in a larger annual amount, but just this year: $449,400. The joint fundraising committee currently only includes 11 states, a number that could expand, raising the possibility that the maximum contribution could grow even larger.

And wait, there are even more ways to give! Both the DNC and RNC have rolled out expensive packages for their biggest backers that come with perks like access to top officials and premium convention passes. To reach the highest donor tier, supporters are being asked to fund new convention, legal and headquarters accounts that Congress created in 2014.

Put all this together, and major donors can end up giving  six- and seven-figures to the national parties this cycle. Here's how the math works:

Meanwhile, the top RNC donor tier asks for $668,000 in 2015-16 cycle per individual:

Total possible give for one person in 2015-16: $668,000 (top RNC donor tier) + $115,400 (Trump Victory minus previously given RNC donations) = $783,400

A DNC donor could end up exceeding $1 million this cycle, thanks to Clinton's decision to set up her victory fund a year early and bring on so many state parties.

An individual can give the Hillary Victory Fund $356,100 a year ($712,200 for the cycle):

Meanwhile, the top DNC convention donor convention package asks for $467,600 in the 2015-16 cycle per individual:

Total possible give for one person in 2015-16: $712,200 (Hillary Victory Fund) + $400,800 (convention package minus previously given DNC general account donations) = $1.113 million per cycle",REAL
Trump’s deal with the RNC shows how big money is flowing back to the parties,"The deal Donald Trump struck with the Republican National Committee this week that allows wealthy supporters to give nearly $500,000 to finance his campaign and get-out-the-vote activities made it official: The parties are back in the big-money business.

Fourteen years after a landmark campaign-finance overhaul clamped down on the flow of unregulated money to party coffers, both Republicans and Democrats are raising huge contributions again with gusto.

Thanks to a pivotal 2014 Supreme Court decision and an expansion of party fundraising slipped into an appropriations bill later that year, the RNC and its Democratic counterpart have been able to vastly increase their top donor levels by pooling numerous accounts and affiliates together into jumbo joint fundraising committees.

The Trump Victory fund, a new partnership announced Tuesday, will take donations up to $449,400 that will be split between his campaign, the RNC and 11 state parties. A wealthy contributor who gives the maximum to both the victory fund and the RNC’s most-elite donor program can shell out as much as $783,400 this cycle, according to a Washington Post analysis.

Supporters of Democratic front-runner Hillary Clinton can rack up even higher totals because of her decision to launch a 32-state joint fundraising committee with the Democratic National Committee last fall. Between that fund and the DNC’s top-tier convention package, an individual donor could give more than $1.1 million this cycle to support her campaign and the party.

[Donors can give nearly $500,000 to new joint fundraising effort between Trump and RNC]

The result, say advocates for stricter campaign finance rules, is an environment akin to the 1990s, when the parties took in huge amounts of “soft money” that was supposed to be used for general party-building but also seeped into political activities.

“What we’re watching here is theater of the absurd,” said Fred Wertheimer, who leads the watchdog group Democracy 21. “The presidential campaigns, the parties and Washington are operating on a different planet from the rest of the nation when it comes to big money in American politics. This system is in free-fall collapse.”

Boosters take a different view, arguing that the mega-donations will help restore the influence of the parties, who have lost ground to well-funded independent groups.

“It is a partial return to the soft-money days, and in my own view, it doesn’t go far enough,” said Republican campaign finance attorney Robert Kelner. “The end of soft money dramatically disempowered the political parties, and that is one reason that our politics have become so turbulent ever since.”

Parties lost their ability to take in unlimited donations from individuals and corporations after the aggressive solicitation of soft-money donors during President Bill Clinton’s administration. Investigations into charges that illegal foreign contributions were funneled into party committees helped lead to the passage of the 2002 Bipartisan Campaign Reform Act, which banned parties from accepting unregulated donations.

But the constraints on the parties began to loosen with the Supreme Court’s 2014 decision in McCutcheon v. Federal Election Commission. That did away with an aggregate cap on how much individual donors could give to federal campaigns, parties and PACs in one year — allowing candidates and parties to create huge joint fundraising committees.

Later that year, Democratic and Republican congressional leaders tucked a measure into an appropriations bill that gave national parties the ability to collect additional funds for new convention, legal and building accounts. Each account can accept three times more than a donor can give to a party’s main fund — essentially expanding the contribution limit tenfold.

Money for those accounts is not suppose to finance direct political activities and voter outreach. But that was also the case in the mid-1990s, and the DNC still used millions in soft money to help run “issue ads” promoting Clinton.

Such aggressive interpretation of the rules is likely to occur again, particularly since the FEC, which is tasked with enforcing campaign finance rules, is mired in an ideological standoff, election law experts said.

“I think both political parties will find many creative ways to use the quasi-soft money accounts to support their presidential candidates,” Kelner said. “We are in an environment in which there has been virtually no enforcement of the campaign finance laws, so it would arguably be political malpractice not to make maximum uses of these accounts.”

[Political parties go after million-dollar donors in wake of looser rules]

The parties have already raced to take advantage of the new fundraising avenues. The DNC’s top-tier convention package, dubbed “Rittenhouse Square,” requires a donor to give $467,600 during the cycle, including contributing the maximum $100,200 to the party’s headquarters fund in both 2015 and 2016.

Meanwhile, the Hillary Victory Fund signed up 32 state parties as participants, helping it raise more than $60 million by the end of March. So far, much of the money donated for the state parties has passed through them and onto the DNC.

The Trump Victory fund is seeking even higher donations than Clinton’s fund by tying in all of the RNC’s new accounts. The first $5,400 a contributor gives will go to his campaign, while $10,000 will be allocated to each of the 11 state parties and $334,000 will go the RNC.

“This just shows how out of touch the Supreme Court was in the McCutcheon case,” said Larry Noble, general counsel at the Campaign Legal Center, which seeks stricter regulation of campaign finance. “They said there was no evidence any of this would happen — and no one lost a step making sure it did.”

Shaun McCutcheon, the Alabama businessman whose suit led to the Supreme Court decision, was jubilant about the huge dollars now rushing into the parties.

“We are celebrating money and politics back in the parties, and the fact that they can raise significantly more money for downstream candidates,” he said. “Both sides are doing it, which I think is great. The best outcome is more competition and more free speech.”

For his part, Trump has said he’s going to try to raise more than $1 billion in conjunction with the RNC, which would require the committees to pull in a staggering average of $250 million a month for the next five months.

Veteran party fundraisers are skeptical, noting that many longtime GOP bundlers are reluctant to participate in the effort. But Steven Mnuchin, the hedge fund manager who Trump tapped as his national finance chairman, said donors are eager to participate.

“We have seen tremendous support, both from people who were traditional fundraisers and were with other teams and who want to come aboard, as well as people who were not traditional fundraisers and want to support Mr. Trump,” he said.

Trump’s first official campaign fundraiser is set to take place May 25 in Los Angeles, hosted by investor Thomas Barrack Jr., who did real estate business with him in the 1980s. The real estate mogul has expressed willingness to participate in as many as 50 finance events that the campaign and party are now scrambling to book.

“A lot of people are coming out of the woodwork who want to help,” said Rick Hohlt, a Washington lobbyist and longtime Republican fundraiser, who is making calls to potential high-dollar donors on behalf of the campaign, adding: “I’m hearing from fundraisers and bundlers I’ve worked with in the past and we’re hearing from people who are new to political fundraising. The new ones run the gamut from equity investors to Silicon Valley entrepreneurs to CEOs of major companies.”",REAL
Hillary Clinton: Cure for Citizens United is more democracy,"Former Secretary of State Hillary Clinton is a candidate for the Democratic nomination for president. The opinions expressed in this commentary are hers.

America had just elected a Democratic president. The Senate was majority-Democratic. The House of Representatives had more Democrats than at any time since 1992.

The Republicans could either change themselves -- by embracing the young, diverse and tolerant America of the 21st century -- or they could try to change whose voices count in our democracy.

We all know the cynical path they chose. Six years ago Thursday, the Supreme Court's decision in Citizens United transformed our politics by allowing corporations to spend unlimited amounts of money to influence elections.

The effect was immediate. In the 2010 midterms, outside groups spent nearly 60% more than in 2006. In 2014, the top 100 donors spent nearly as much as all 4.75 million small donors combined. National networks of big-money donors funneled mountains of cash into targeted state races. By 2014, one party controlled both the governor's mansion and the state legislature in 36 states -- the most since the 1950s.

Meanwhile, Republicans launched an aggressive campaign to restrict voting rights across the country. After the 2010 election, lawmakers in 41 states introduced at least 180 measures designed to make it harder for people to vote. This ugly effort got a boost in 2013 when the Supreme Court made another disastrous ruling, striking down hard-won Voting Rights Act protections. Today, 21 states have new laws restricting voting rights.

And some of the greatest damage to voting rights has come in states with single-party control -- like North Carolina, which eliminated same-day voter registration and slashed early voting; Florida, which instituted such heavy restrictions on voter registration drives that the League of Women Voters had to shut down operations; and Alabama, which passed a strict photo ID requirement and then closed dozens of driver's license offices across the state, making it much harder for citizens to get the IDs they now need to vote.

Put it all together -- the flood of corporate money in our elections, the rise of single-party control of state governments, the sharp increase in voting-rights restrictions -- and the result is unmistakable. Our democracy is being hollowed out. And that should offend every American, no matter what party you belong to.

We can't let this continue. It's time to reclaim our democracy, reform our distorted campaign finance system and restore access to the ballot box in all 50 states.

That starts with reversing Citizens United. And that's where my comprehensive plan to restore common sense to campaign finance begins. As president, I'll appoint Supreme Court justices who recognize that Citizens United is bad for America. And if necessary, I'll fight for a constitutional amendment that overturns it.

Meanwhile, we need more transparency in our politics. In the last three elections, more than $600 million in donations came from unknown, untraceable sources. That's a lot of secret, unaccountable money. As president, I'll require federal contractors to fully disclose their political spending. I'll call on the Securities and Exchange Commission to require that publicly traded companies do the same. And I'll fight for legislation requiring the disclosure of all significant political donations, no matter where they come from or who they benefit. Whether you're a Democrat or a Republican, you should have to identify your donors.

We should also make it easier for Americans to run for elected office. You shouldn't have to be rich or well-connected to serve. I'll fight to create a robust small-donor matching system, so people with good ideas and a passion for public service know that they can run without having to court big donors and special interests.

Finally, we have to do a much better job of protecting Americans' voting rights. Nothing is more vital to our democracy. I'll fight to restore the full protections of the Voting Rights Act . And I'll go further, because we should be making it easier to vote, not harder.

All Americans should be automatically registered to vote on their 18th birthdays, unless they opt out. Every state should have at least 20 days of early in-person voting. And no one should ever have to wait more than 30 minutes to cast a ballot.

Citizens United and its aftermath have twisted and perverted our democratic system. Now the deck is stacked even more in favor of those at the top. But as Al Smith, another Democrat from New York, once said, ""All the ills of democracy can be cured by more democracy."" So that's what we need now: more transparency, more accountability, and above all, more citizens exercising their right to vote.

This November, we can show Republicans that they made the wrong choice eight years ago. Let's restore people's voices and people's votes to their rightful place -- at the center of our democracy.",REAL
Trump’s campaign just got support from one of the Republican Party’s biggest donors,"Sheldon Adelson, the Las Vegas casino magnate and billionaire Republican donor, has made up his mind: He's supporting Donald Trump, and other Republicans need to fall in line.

Adelson's endorsement, in an op-ed in the Washington Post, matters because he's very wealthy and very willing to spend his wealth to elect Republicans. He spent as much as $150 million trying to defeat President Obama in 2012. His pro-Trump argument boils down to three points: Any Republican is better than a Democrat, Hillary Clinton in particular would be worse, and Trump's CEO experience has to count for something.

As Republicans, we know that getting a person in the White House with an ""R"" behind his name is the only way things will get better. That opportunity still exists. We must not cut off our noses to spite our faces.

Adelson almost certainly won't be the last prominent Republican to rationalize supporting Trump like this. Trump and Speaker of the House Paul Ryan seem to be working toward a rapprochement. Senate Republicans up for reelection are still dancing around outright endorsing Trump but are refusing to publicly denounce him either.

And if anyone had reasons to be skeptical about Trump, it's Adelson, a hard-liner on Israeli security. Trump promised to be ""neutral"" on Israel-Palestine — although he later backed away from that stance — and to enforce the Iran deal. Adelson has been telegraphing for months that Trump might be acceptable to him. His rationale — ""The alternative to Trump being sworn in as the nation’s 45th president is frightening,"" he wrote — is likely to show up in other Republicans' statements between now and November.",REAL
Donors to G.O.P. Candidates: You’re on Your Own,"The Republican presidential race has often resembled The Hunger Games, with a crowded field of bloodthirsty candidates kept alive by the grace of their patrons on the sidelines. The story has taken a darker turn in recent weeks, with panic creeping in as Donald Trump continues to step over the bodies of more electable candidates. But with no clear winner emerging from New Hampshire, Republican donors, who were once ready to coalesce around Marco Rubio, have pressed pause on their money to see if a candidate will walk out of South Carolina with enough strength left to take down Trump (and Ted Cruz, who follows in his wake).

While several donors indicated that they would stick with their preferred candidates for now, others—including donors for Chris Christie, who dropped out of the race earlier this week—have no idea if their investments will pan out, especially after what amounted to a three-way tie for third in New Hampshire. “The feeling after New Hampshire is that it couldn’t have gone better for Donald Trump and it’s not just the margin that he won by, it’s the finishing order,” one Republican leader who regularly speaks to donors told The Hill, adding that John Kasich, a candidate whom he viewed as unelectable, had only muddled things further by coming in second. (Kasich did get a big boost from former Christie mega-donor Ken Langone, who announced on Thursday that he would support the Ohio governor.)

That feeling is magnified among Bush donors, many of whom had hoped that he would have “died quietly in New Hampshire,” the same source told The Hill, but who feel pressured after his slim victory over Rubio to give more money. “I have not talked to a single Bush donor who was giddy about Tuesday night,” he added. Another source noted that their fund-raising outlook was so dismal that Bush’s campaign-finance chairman, Woody Johnson, had asked the finance committee to bring in just one $2,700 check—the maximum amount an individual can donate to a single candidate—per week for the next five weeks.

Despite the dual threat of Trump and Cruz, potential donors for Rubio, the onetime establishment golden child, are also sitting on the sidelines after a disastrous debate performance kicked the Florida senator to fifth place in New Hampshire. “The Rubio team didn’t understand the gravity of the punch he had taken and the need to correct course. That worries a lot of people,” the Republican leader added. “[Donors] are not abandoning [Rubio] but they need to see him steady things this week.”

Nevertheless, even as the three establishment candidates attempt to devour each other in South Carolina, 85 percent of the donor class and the insiders polled by the Politico Caucus remain confident that Trump will never get the nomination, pointing to their collective firepower (were they ever to join forces) and the fact that his popularity appears limited to roughly one-third of the population. “That means two-thirds of the vote is ‘not Trump,’” a South Carolina Republican told Politico, insisting that the math shook out. “If he has a ceiling, then as others drop out, Cruz or one of the establishment candidates can pass him. We are down to six in South Carolina—let’s see if he grows this time.”

But Sam Wang, head of the Princeton Election Consortium, ran a more statistical analysis, and concluded that the math was not as simple as the insiders’ poll suggests. “With the Republican field so divided after New Hampshire, the path for anyone other than Trump requires nearly all candidates to drop out,” he said. “However, after getting 3-4 convention delegates each on Tuesday, Cruz, John Kasich, Jeb Bush, and Marco Rubio all have reasons to stay in. Under these conditions, Trump wins.”

Trump's path to victory, Wang suggests, would be a delegates game: though he has only one-third of the vote on average, that still gives him 50 percent of delegates through Super Tuesday. According to his calculations, two candidates must drop out before Super Tuesday, and one alternative must emerge by March 14, after several more rounds of primaries, for a “not-Trump” victory to be possible, meaning that the Republican establishment and donor class cannot afford to wait for their preferred candidates to emerge to face off against Trump and Cruz. “Ballpark, I would guess that if Trump has a majority of delegates by March 1st and he still has two opponents afterward, his probability of securing the nomination will be about 80%,” he wrote, adding: “However, this is now my intuition talking.”",REAL
Hillary Clinton shatters $100M fundraising goal,"Clinton's campaign, which started raising money for the Democratic National Committee and state Democratic parties this quarter through the Hillary Victory Fund, also raised $18 million in the joint fundraising effort, meaning the campaign raised a total of $55 million for the quarter.

In all, the Clinton campaign has raised $112 million for the primary since launching in April. Heading into 2016, the campaign has roughly $38 million cash on hand, according to aides.

The haul, which is larger than even some Clinton aides expected, puts a big number on the board that Vermont Sen. Bernie Sanders -- her main primary challenger -- is unlikely to top.

""Thanks to the hundreds of thousands of Americans who have joined together and powered this historic campaign, we are now heading into Iowa and New Hampshire with the resources we need to be successful,"" Robby Mook, Clinton's campaign manager, said in a statement on Friday.

""Helping Democratic candidates win up and down the ticket is a top priority for Hillary Clinton which is why she's also proud to be doing her part to ensure Democrats have the resources we need to win."" CNN reported earlier this week that Clinton raised at least $21 million at fundraisers she personally headlined in the fourth quarter of 2015, a number that almost guaranteed she would break the $100 million goal. The Democratic front-runner headlined a total of 58 fundraisers in the fourth quarter, a pace identical to the 58 events she headlined in the second and third quarters of 2015. The labor-intensive process, which required Clinton to criss-cross the country on both the campaign and fundraising trail, saw the former secretary of state headline fundraisers in 20 states and Washington, D.C. Thirteen events were in New York, the most of any state, and six were in California. The fourth quarter also saw Clinton get more help than usual on the fundraising trail. Former President Bill Clinton headlined dozens of fundraisers in 14 states and Washington, D.C., including events in Texas, Wisconsin and Ohio, during the fourth quarter. While it will be difficult for Sanders to turn in a bigger haul than Clinton, the Vermont senator is expected to bring in a sizable haul, largely buoyed by his strong online contributions. Since launching his campaign, Sanders has solicited over 2.3 million donations and raised over $40 million -- including a sizable $26 million in the third quarter. Aides have said that the campaign is focused on surpassing 1 million donors by the end of the year. Like Clinton, Sanders also signed a joint fundraising effort with the DNC this quarter, starting to raise money for the national party in November. Clinton aides boasted on Friday that 94% of their donations were in increments of $100 or less and more than 60% of donations were from women. Sign up for CNN Politics' Nightcap newsletter, serving up today's best and tomorrow's essentials in politics.",REAL
Jeb Bush says he is making campaign 'adjustment',"CHARLESTON, S.C. — Jeb Bush says he's not reducing his presidential campaign, he is simply refocusing it with an eye toward the early caucus and primary states.

""We've made an adjustment in our campaign,"" Bush said Saturday before conducting a town hall in the pivotal state of South Carolina. ""That's what leaders do.""

Stumping the Palmetto State a day after his campaign announced staff reductions and pay cuts, Bush dismissed critics who said the changes reflect a struggling campaign that is losing ground to any number of rivals.

""Blah, blah, blah,"" Bush said. ""That's my answer — blah, blah, blah.""

The cuts came after a slide in polls that now show the former Florida governor well behind Donald Trump, Ben Carson and other Republican candidates, creating some unrest among Bush donors.

In response, Bush cited a number of candidates who have held early leads in Republican contests and then faded, a list that ranges from Herman Cain to Rudy Giuliani. John McCain, meanwhile, rallied from internal campaign troubles to win the 2008 Republican presidential nomination.

""October is not when you elect people,"" Bush said before hosting a town hall at a Catholic high school in Charleston. ""It's February, and then you move into March.""

Bush said his efforts now focus on four contests in February: The Iowa caucuses, the New Hampshire primary, the South Carolina primary and the Nevada caucuses. He said he is also taking aim at a March 1 group of primaries, including key southern states like Georgia and Texas.

""We have a campaign that is designed to win,"" Bush said. ""And I'm going to win.""

In discussing his campaign changes, Bush also talked about the changing nature of the Republican race. He cited a ""new phenomenon"" of candidates who have risen in the polls without any previous political experience, an apparent reference to Donald Trump and Ben Carson. He described them as ""the frontrunners right now"" who will be ""held to account, just like all of us will.""

Later Saturday morning, Bush again referred to the early Republican contests during the town hall hosted by Sen. Tim Scott, R-S.C., talking up the importance of South Carolina in the primary process on several occasions. ""The February states are important,"" Bush said.

Scott — who has not yet endorsed in the primary — said after the town hall he doesn't think Bush's campaign changes will hurt him in South Carolina. The senator compared the slim-down to the diet that Bush himself used to lose weight.

""I think he's doing the Paleo diet to his campaign,"" Scott said.

Also appearing at the town hall: U.S. Rep. Trey Gowdy, R-S.C., two days after chairing a hearing in which Democratic front-runner Hillary Clinton testified about the 2012 terrorist attack on a U.S. facility in Benghazi, Libya.

""I don't know what y'all were doing Thursday,"" Gowdy told the supportive crowd. ""I had a rough Thursday.""

Democrats have accused Gowdy of conducting a partisan investigation designed to target Clinton's presidential campaign. Bush and Scott praised the South Carolina congressman for seeking the truth about the attack that killed four Americans, including the U.S. ambassador to Libya.

""I've been in the limelight myself a few times,"" Bush said. ""And it's not easy.""",REAL
Americans Are So Disconnected from Reality That “Insouciant” Has Become An Euphemism,"  Recipient Email => 
While the idiot presstitutes and their brainwashed victims hyper-ventilate about Trump’s lewd talk about women, one consequence of the ignored nuclear arms race restarted by the neoconservatives, who have been in charge of US foreign policy in the 21st century, is the Russian Satan 2, which is reported to be capable of destroying the entirety of a land mass the size of Texas or France with one hit. 
The neoconservative foreign policy that has produced this result is obviously a total failure and endangers all life on earth. Hillary Clinton is a representative of this disastrous foreign policy. If Americans and Europeans cannot put into office people who can get along with Russia, there is no future for anyone. Trump is the only one who says he sees no point in conflict with Russia. This is what is important, not lewd talk about women. 
Hillary’s lewd talk about Putin –“the new Hitler”–will get us all killed.",FAKE
Press TV: Duff on UN Condemnations of “Moderate Terrorists”,"By Gordon Duff, Senior Editor on October 31, 2016 
The UN’s special envoy for Syria has condemned militants’ deadly rocket attacks on residential areas of western Aleppo. 
Staffan de Mistura said, in a statement, the U-N has credible reports civilians have been killed in the attacks. De Misutra blamed the militants for the attacks, calling them relentless and indiscriminate. His reaction came after at least seven civilians, including three children died in Aleppo as a result of the shelling. 
Syrian media say several were also wounded amid relentless shelling by terrorists on civilian targets in Western Aleppo. Foreign-backed terrorists have stepped up attacks across Aleppo, bringing the total number of civilians killed in the past two days to over 40. The Syrian observatory for Human Rights confirmed 14 children are among the dead and another 250 civilians have been wounded in the terrorist shelling. Fighting has stepped up in Aleppo, with around 15 hundred terrorists massing around the western edges of the flashpoint city. Government forces and allied fighters have successfully managed to foil any advance by the terrorists. Related Posts: No Related Posts The views expressed herein are the views of the author exclusively and not necessarily the views of VT, VT authors, affiliates, advertisers, sponsors, partners, technicians, or the Veterans Today Network and its assigns. LEGAL NOTICE - COMMENT POLICY Posted by Gordon Duff, Senior Editor on October 31, 2016, With 158 Reads Filed under World . You can follow any responses to this entry through the RSS 2.0 . You can skip to the end and leave a response. Pinging is currently not allowed. FaceBook Comments 
You must be logged in to post a comment Login WHAT'S HOT",FAKE
Cher Just Destroyed Fake Republican Outrage Over Hillary’s Emails With One Tweet,"World-famous singer Cherilyn “Cher” Sarkisian took to Twitter recently to give her two cents on the re-ignition of the email scandal Republican witch-hunt of Hillary Clinton. 
FBI director James Comey bowed to pressure from House Republicans and released a letter informing them of “updates” to the investigation, which was the discovery of emails on disgraced Democratic Congressman Anthony Weiner’s personal email devices that were not from or to former Secretary of State Hillary Clinton. 
Cher vented the frustration that many of us are feeling in this tweet: TIRED OF BULLOUTRAGE‼️ GW BUSH’‘S W.H DID TRASH 22 MILLION FKNG EMAILS‼️HIS WARS KILLED &MAIMED THOUSANDS ,& HE &BANKRUPTED ANSWER THAT 
— Cher (@cher) October 29, 2016 
The George Bush White House launched two multinational invasions and orchestrated the construction of secret detention centers around the world for the specific intention of committing crimes against humanity – but nobody seems to care about the information that might have been contained in THOSE emails. 
The double standard that is applied to Hillary Clinton is outrageous. George W. Bush and Dick Cheney, both war criminals, walk free while the nation obsesses over John Podesta’s risotto recipe and a rabble-rousing Russophile rapist draws closer to the White House. Where have our priorities gone?",FAKE
"Four Arab countries bought thousands of cars from Toyota and delivered them to""Daesh""","Email According to the results of the investigation conducted by Toyota, the Japanese company, about the sources of supply of the ""Daesh"" thousands of cars, and it confirmed that the four Arab countries bought and handed over to the organization. The unfolding clues Saudi support and Qatar and the UAE group ""Daesh,"" especially with the start of Russian raids on the regulatory sites in Syria, and after that the Russian military handed the Japanese car company ""Toyota"" pictures of the dozens of cars confiscated by the Syrian army in the battles on the ground have all been with ""Daesh "". The source familiar with the Syrian and Russian governments may deliver to the company, ""Toyota"" a preliminary report on the cars delivered by the company from the Russian military intelligence pictures, and it was the most prominent are the following: that the 22,500 car bought by a Saudi nationality import company, while Qatar has bought 32,000 car, the UAE has acquired 11650 car, the Jordanian army, and imported 4,500 cars the adoption of credit from several banks Saudi nationality, all now with the organization ""Daesh."" The number of cars owned by ""Daesh"" type of Toyota more than 60,000, all cars and SUV model ""DOUBLE CAB"" started. US authorities announced opened an investigation into how ""Daesh"" for large numbers of cars, but observers said that Washington itself delivered hundreds of these cars to Syria. For its part, ""Toyota"" confirmed that it has suspended auto sales in Syria since 2012.",FAKE
Trump’s Twitter Access Revoked - The Onion - America's Finest News Source,"Nation Puts 2016 Election Into Perspective By Reminding Itself Some Species Of Sea Turtles Get Eaten By Birds Just Seconds After They Hatch WASHINGTON—Saying they felt anxious and overwhelmed just days before heading to the polls to decide a historically fraught presidential race, Americans throughout the country reportedly took a moment Thursday to put the 2016 election into perspective by reminding themselves that some species of sea turtles are eaten by birds just seconds after they hatch. Cleveland Indians Worried Team Cursed After Building Franchise On Old Native American Stereotype CLEVELAND—Having watched in horror as their team crumbled after a 3-1 World Series lead, members of the Cleveland Indians expressed concern Thursday that the organization has been cursed for building their franchise on an incredibly old Native American stereotype. Report: Election Day Most Americans’ Only Time In 2016 Being In Same Room With Person Supporting Other Candidate WASHINGTON—According to a report released Thursday by the Pew Research Center, Election Day 2016 will, for the majority of Americans, mark the only time this year they will occupy the same room as a person who supports a different presidential candidate. Nurse Reminds Elderly Man She’s Just Down The Hall If He Starts To Die DES PLAINES, IL—Assuring him that she’d be at his side in a jiffy, local nurse Wendy Kaufman reminded an elderly resident at the Briarwood Assisted Living Community that she was just down the hall if he started to die, sources reported Tuesday. ",FAKE
Dragon Sighting in Thunderstorm,"www.paranormalelite.com 9 
A supposed dragon was recently caught on tape by a man in Los Angeles during a thunderstorm. The footage begins with a shot of overlooking the city and soon you can see lightning flashing in the clouds. While played in slow motion, a mysterious shape that resembles a real dragon can be seen in the clouds. Could this be actual video evidence of the existence of dragons? What do you think? Tags",FAKE
Greatest Basketball Player Of Our Era To Help First Woman President Beat Biggest Asshole Of All Time,"November 6, 2016 Greatest Basketball Player Of Our Era To Help First Woman President Beat Biggest Asshole Of All Time Google Pinterest Digg Linkedin Reddit Stumbleupon Print Delicious Pocket Tumblr 
He is perhaps the greatest basketball player of all time, certainly of the current era, and he’s with her. 
Cleveland’s LeBron James has announced that he will be stumping for Hillary when she makes a stop in the crucial city in one of the most hotly contested battleground states in the country. James and Clinton will appear together at a get-out-the-vote rally at the Public Auditorium in Cleveland, Ohio in the late afternoon. This will be James’s first appearance with Clinton. In fact, a source says, the two have never met. James – a hero to many Ohio sports fans, especially in the African American community – could prove helpful to Clinton’s effort to win the state’s 18 electoral votes. While Clinton is handily beating Donald Trump among African American voters, she is struggling to gin up enthusiasm. According to the 2010 census, 53 percent of Clevelanders are African American. 
The stakes could not be higher. If Clinton can win Ohio, there is almost no scenario in which Trump can win. If Ohio goes for Trump, then he has a real shot of becoming president. As Ohio’s biggest star (sorry, John Kasich), James has a lot of power to motivate people to get out and vote. It could be a difference-maker in a tight election. 
James’ decision to stump with Hillary comes after other big-name celebrities publicly expressed their support for her campaign. Just days ago, musical power couple Beyonce and Jay Z held a concert in support of Clinton. The star power has spooked Trump’s campaign, as evidenced by the fact that they are claiming the celebrities backing Hillary give her an “unfair” advantage. Trump, a man who once okay’d a DJ calling his daughter a “piece of ass” and who bragged about grabbing women “by the pussy,” went so far as to lament the language used in some of Jay Z’s songs. 
“He used every word in the book last night,” Trump said. “He used language last night that was so bad and then Hillary said, ‘I did not like Donald Trump’s lewd language.’ My lewd language. I tell you what, I’ve never said what he said in my life.” 
Eye roll. 
Meanwhile, in related news, Trump will be campaigning with his own star power tonight. The cream of the crop. The best of the best. The A-lister…Ted Nugent. A man who once “ joked ” about shooting Hillary Clinton with a machine gun. 
“Obama, he’s a piece of shit. I told him to suck on my machine gun. Hey Hillary,” he continued. “You might want to ride one of these into the sunset, you worthless bitch.” 
Yeah, Trump sure seems concerned about what language musicians use. 
Featured image via Jamie Sabau/Getty Images Share this Article!",FAKE
Migrant screaming ‘Allahu Akbar’ bursts into a wedding in a German church and tears down decorations,"Daily Mail October 26, 2016 A newlywed couple have claimed their big day was ruined when a man burst inside the church shouting ‘Allahu Akbar’ and then started tearing down wedding decorations. Groom Marcel Lohbeck, 35, and bride Friederike were celebrating their wedding with 90 guests in the Karmel Church in Duisburg, a city in western Germany . Lochbeck said: ‘At the beginning of the ceremony, a man with a thick jumper and a hat on came into the church and sat in the back row. ‘Shortly afterwards, he stood up and wandered around the candles. He laughed in a disturbing manner and then fondled the statue of Mary. ‘He had been speaking in Arabic and partly English. He then started destroying the flowers and kept shouting “Allahu Akbar”.’ This article was posted: Wednesday, October 26, 2016 at 9:31 am Share this article",FAKE
Defense Board: White House Blocked Navy From S. China Sea Warship Passages,"Washington Free Beacon October 26, 2016 
Senior White House officials blocked the Navy from conducting needed freedom of navigation operations in the South China Sea amid growing concerns that China is militarizing newly reclaimed islands, according to the Pentagon’s Defense Policy Board. 
A working paper produced in September 2015 by John Hamre, the policy board chairman, called for an immediate resumption of Navy warship passages to prevent China from taking over the strategic Southeast Asian waterway. 
The internal document was disclosed Monday by WikiLeaks as part of its latest batch of hacked emails from the account of John Podesta, campaign chairman for Democratic presidential nominee Hillary Clinton. The Obama administration has accused “Russia’s senior-most officials” of hacking and leaking the emails posted to WikiLeaks and other sites in order to influence the 2016 election. 
The document was labeled “Chairman’s Working Notes of the Defense Policy Board – Chinese Island-Building in the South China Sea.” It was sent to Jake Sullivan, the Clinton campaign’s senior policy adviser, by Stuart Eizenstat, a Defense Policy Board member who was advising the campaign on internal Pentagon deliberations. This article was posted: Wednesday, October 26, 2016 at 7:35 am Share this article",FAKE
Putin blasts Clinton & Tells U.S. Govt to STOP Criticizing Russia,"In the clip – filmed in Russia – Putin, 64, tells a group of journalists that the US is creating a “distraction” aiming “to distract voters from the country’s problems” by creating “an enemy and uniting the nation against them”. He references both Iran and Russia as the potential enemies.
But when asked whether he prefers Donald Trump or Hillary Clinton his response says a lot about ongoing World War 3 fears.
The President responded: “Mrs Clinton has chosen to take up a very aggressive stance against our country, against Russia.
“Mr Trump, on the other hand, calls for cooperation – at least when it comes to the international fight against terrorism.
“Naturally we welcome those who would like to cooperate with us. And we consider it wrong, that we always have to be in conflict with one another, creating existential threats for each other and for the whole world.
“Would Mrs. Clinton delivers on he threats and harsh rhetoric against Russia if she became President? Or will she correct her position against us?”",FAKE
Mall of America to Close for First Time Ever on Thanksgiving,"Mall of America to Close for First Time Ever on Thanksgiving Nov 11, 2016 0 0 
For the first time ever the Mall of America will close on Thanksgiving Day. This represents a sea change. Instead of fighting crowds on Black Friday to buy the latest gadgets, hundreds of thousands of Americans will instead be home spending time with their families and friends, and 15,000 employees will enjoy the same opportunity which many consumer-focused shoppers have often taken for granted. 
Mall of America officials just announced that they were veering from their tradition of staying open from the morning of Thanksgiving day into Black Friday. The super mall, home to 520 stores in Bloomington, Minnesota, will stay closed on November 24th except for certain operations like the Walk to End Hunger fundraiser. The mall will reopen the following morning at 5am with a ribbon cutting ceremony for anxious customers. Americans are Drowning in Their Stuff The Average American Household Contains 300,000 Items 
You don’t have to be an extreme minimalist to appreciate the fact that Americans, more than in almost any other country, have too much stuff. The LA Times reports that there are more than 300,000 items in the average American home. Even the size of the average home has tripled over the last ten years. You’ve got to have the space to put all that stuff! And yet, one in five Americans rents an off-site storage space to put their overflow. This is the fastest growing sector of commercial real estate in the past four years, according to the NY Times, even though America is home to 50,000 storage facilities – more than five times the number of Starbucks. It could do us good if malls closed their doors more often. 
Americans spend trillions on goods and services that they don’t really need. This includes booze, jewelry, and sports paraphernalia. We spend more on shoes, jewelry and watches than we do on education. 
While this fact alone doesn’t necessarily point to a habit of overt consumerism, in many cases it does point to an ethos of unsustainability. Much of Our Stuff is Toxic 
As the Story of Stuff details, many of the products we purchase contribute to the degradation of our environment – from the petro-chemicals used in our cars, and in our hand lotions, to a seemingly benign glass of water which comes from a plastic bottle. 
From non-stick cookware, to hand-sanitizer, shower-curtains, to furniture , we are living with a multitude of consumer purchases that are not good for us. Our children’s toys are toxic, and even our carpets and the paint we put on our walls is health-destroying , yet we’ve come to expect that ‘more’ is better, without demanding quality. Moving Toward a Shared Economy 
What is more, many of the things we use can be shared. Why do we need to ‘own’ something that we only use sporadically? This goes for garden tools, and sports equipment as well as human resources, even. House swapping and Uber were based on people’s growing realization that sharing works. 
Ask yourself – how many times are you actually going to watch that DVD? Are you children really going to play with that plastic toy for more than ten minutes before its tossed aside? Then there’s the clothes we wear for special occasions. Often a dress or suit is worn once, and then never again. Companies are now capitalizing on the trend to re-use and share resources, and the trend couldn’t have come at a better time. 
Services and space are also growing into the shared-economy. If you have a garden only you and a handful of people enjoy, why not open it up to the community? Are you taking your dog for a walk? Why not offer to take the neighbor’s too? Or share the fees of a dog-walker with dog-loving friends. Looking for the Root Cause 
Through repetitive advertising, we have been subconsciously programmed to believe that our lives are empty without more things in them. We unknowingly seek quantity over quality in everything we purchase because we are trying to fill an emotional void. By playing on our innate emotional responses, and our base urges, the advertising industry overarchingly promotes the products and services of companies which pollute the planet, divide communities, rape the earth of its resources, and promote slave and child labor. 
If a ruling elite can create docile, easily controlled subjects, they don’t question the goods and services they are being sold, let alone its geo-political agendas. This is the undercurrent of an ogilopolistic , mechanized system designed to make consumers – not dreamers, thinkers, and doers. 
When we start to pull out this programming at the roots, and see it for what it is, we can start making more informed choices. Does this mean we can never buy a new pair of shoes again, or travel to a foreign country? Absolutely not, but it means you can make wiser (hopefully fewer) purchases, and share resources where applicable. Instead of staying in a hotel you can make a new friend overseas, and trade houses. You can purchase goods from companies that give back to their communities and uphold fair trade practices. The sustainable company is indeed peeking out from our consumer-based programming, and if the Mall of America is closing, even for one day, it portends a brighter future for Americans who have been obsessed with spending money they don’t have for things they don’t need. 
Image credit: StartatSixty.com , Featured image: source Vote Up Christina Sarich Christina Sarich is a musician, yogi, humanitarian and freelance writer who channels many hours of studying Lao Tzu, Paramahansa Yogananda, Rob Brezny, Miles Davis, and Tom Robbins into interesting tidbits to help you Wake up Your Sleepy Little Head, and *See the Big Picture*. Her blog is Yoga for the New World . Her latest book is Pharma Sutra: Healing The Body And Mind Through The Art Of Yoga .",FAKE
Assange Destroys Hillary Clinton In His Most Provocative Interview Ever [Watch],"Last week, Julian Assange, Editor-In-Chief of WikiLeaks, sat down with John Pilger, Australian journalist and filmmaker, for what is arguably Assange’s most provocative interview ever. During... ",FAKE
The shortest and most powerful explanation of Trump's victory I have ever seen,"Zach Cartwright | November 11, 2016 
The Democrats’ staggeringly piss-poor performance Tuesday night resulting in Donald Trump’s victory can be summed up in one word: Turnout. 
Hillary Clinton would have won had she focused her message more on appealing to white, working-class voters in rust belt states like Iowa, Michigan, Ohio, Pennsylvania, and Wisconsin. As this New York Times map of the 2012 election shows, President Obama won all of those states in 2012. Obama also won roughly 2.6 million more votes than Hillary Clinton won in 2016. Donald Trump’s narrow margin of victory in the Electoral College was only possible by winning all of the aforementioned rust belt states . 
There was hardly any enthusiasm behind Hillary Clinton when examining exit poll results. In an analysis of Reuters/Ipsos exit polling, Times writer Sarah Jaffe found several revealing trends showing why Clinton was a poor choice for the Democrats in terms of motivating voters to get to the polls and cast their ballots for their party’s nominee: 
75 percent of respondents agreed “America needs a strong leader to take the country back from the rich and powerful.” Only slightly fewer agreed that “the American economy is rigged to advantage the rich and powerful,” and — perhaps the kicker — 68 percent believed that “traditional parties and politicians don’t care about people like me.” 
The numbers bear out that argument — Clinton’s turnout was lower than Obama’s turnout in both 2008 and 2012, even though she still won the popular vote this year. No matter how you slice it, Clinton wasn’t enough of a draw to make the difference, particularly in key states like Florida, North Carolina, Pennsylvania, and Wisconsin — states Obama won in 2012. As the Washington Post reported, three traditionally blue states Trump won in 2016 that Obama won in 2012 — Michigan, Pennsylvania, and Wisconsin — Clinton got between 5 and 15 percent fewer votes than Obama. 
The Democratic primaries were a harbinger of things to come in a general election matchup featuring Clinton and Trump. As US Uncut reported in March, Hillary Clinton’s victories in the March 1 Super Tuesday primaries all depended on voter turnout numbers lower than 2008 figures — the last time there was a contested Democratic primary. In all seven states Clinton won that day, each state had turnout anywhere between 4 percent and 50 percent lower than in 2008 . 
The data makes the argument all by itself. No amount of scapegoating heaped on Jill Stein supporters can explain Hillary Clinton losing traditional Democratic strongholds that Obama won not only once, but twice . In Detroit, Michigan, for example, Hillary Clinton got roughly 120,000 fewer votes than President Obama in 2012. Those votes made the difference in securing Trump’s victory, as Clinton lost Michigan by roughly half that number. 
Former Pennsylvania governor Ed Rendell — one of the most senior officials within the Democratic Party apparatus — argued in a radio interview that even though Hillary Clinton was beloved by Democratic Party leadership, Bernie Sanders would have likely prevailed among the white, working-class rust belt constituency specifically due to his anti-establishment message. 
“It would be interesting to think of how Bernie Sanders would’ve done. Bernie Sanders would’ve lost a few Republicans who voted for Hillary because of some of his economic views but he would’ve fought Donald pretty hard for those disaffected, angry, and frustrated workers,” Rendell said on 1210 WPHT in Philadelphia. 
Had the Democratic Party nominated a candidate more attuned to the mood of voters in one of the most anti-establishment elections in generations, turnout could have been much higher, and America would have averted Trump’s victory. 

Zach Cartwright is an activist and author from Richmond, Virginia. He enjoys writing about politics, government, and the media. Send him an email at [email protected] ",FAKE
